x,y,degrees,total_pmt,total_created,total_created_measured
-3.0,-3.0,91.90486656403579,1922.7,8076.6,7531.396604745855
-3.0,-2.8000000000000003,72.86621861022546,1532.1000000000001,8076.7,7569.4335526092345
-3.0,-2.6,58.55961080072921,1235.1,8081.2,7592.878332355023
-3.0,-2.4000000000000004,48.93909572126325,1027.0,8084.5,7554.696190255975
-3.0,-2.2,42.51214116126158,892.3999999999999,8098.8,7556.994101552004
-3.0,-2.0,38.09981783331909,809.3000000000001,8081.9,7646.965696124932
-3.0,-1.8,34.97356360598829,736.2,8080.0,7578.066764538126
-3.0,-1.6,32.69874365330925,688.4,8080.0,7579.006784712328
-3.0,-1.4000000000000001,31.011170847898395,659.1999999999999,8082.9,7652.468240040103
-3.0,-1.2000000000000002,29.74519024158909,628.7,8103.1,7609.028490379175
-3.0,-1.0,28.79379412969564,600.4000000000001,8073.8,7506.617538016159
-3.0,-0.8,28.086279884485805,591.3,8096.2,7579.074226828567
-3.0,-0.6000000000000001,27.575419519813185,585.6,8079.3,7645.0695463953625
-3.0,-0.4,27.229916540525448,577.9,8083.4,7640.273141872267
-3.0,-0.2,27.029923794668882,570.7,8095.7,7600.909331476597
-3.0,0.0,26.964435354191227,561.0,8085.8,7489.865719313431
-3.0,0.2,27.029923794668882,560.4,8075.0,7463.728034623243
-3.0,0.4,27.229916540525448,578.1,8084.7,7642.917292466444
-3.0,0.6000000000000001,27.575419519813185,579.1,8064.4,7560.21136324719
-3.0,0.8,28.086279884485805,588.6,8075.6,7544.466581957205
-3.0,1.0,28.79379412969564,610.0,8075.3,7626.643401382173
-3.0,1.2000000000000002,29.745190241589093,621.9,8061.0,7526.729470600935
-3.0,1.4000000000000001,31.01117084789839,660.5,8084.3,7667.559576071737
-3.0,1.6,32.69874365330925,705.4,8090.4,7766.169938896101
-3.0,1.8,34.97356360598828,750.9000000000001,8096.3,7729.381056087585
-3.0,2.0,38.09981783331909,814.9000000000001,8090.6,7699.879334946506
-3.0,2.2,42.51214116126158,919.9,8101.8,7789.868751700683
-3.0,2.4000000000000004,48.93909572126325,1063.2,8088.7,7820.98635781904
-3.0,2.6,58.55961080072921,1276.1999999999998,8081.0,7845.543946037956
-3.0,2.8000000000000003,72.86621861022546,1585.3,8080.4,7832.271399354755
-3.0,3.0,91.90486656403579,2014.0,8083.9,7889.027285566211
-2.8000000000000003,-3.0,72.86621861022546,1518.3,8064.1,7501.253810408329
-2.8000000000000003,-2.8000000000000003,64.48404040187096,1361.5,8085.8,7600.950513420045
-2.8000000000000003,-2.6,55.80659396507443,1174.8,8103.0,7578.459281436922
-2.8000000000000003,-2.4000000000000004,48.669298696855606,1033.8,8074.9,7646.874106777396
-2.8000000000000003,-2.2,43.24162264561305,918.7,8085.5,7648.464136290997
-2.8000000000000003,-2.0,39.19904665222124,824.4,8080.7,7571.204540587532
-2.8000000000000003,-1.8,36.18356100525706,753.0,8078.9,7491.799935352276
-2.8000000000000003,-1.6,33.91550580270445,708.9000000000001,8070.7,7524.699807945953
-2.8000000000000003,-1.4000000000000001,32.19592672632461,670.3000000000001,8090.6,7494.9853766034785
-2.8000000000000003,-1.2000000000000002,30.886957390984595,643.0999999999999,8068.0,7495.59100526929
-2.8000000000000003,-1.0,29.893419343495818,623.1,8079.3,7503.858873501752
-2.8000000000000003,-0.8,29.14950465467765,612.4,8077.4,7563.216000125817
-2.8000000000000003,-0.6000000000000001,28.609853174435052,605.5,8083.1,7619.05343138149
-2.8000000000000003,-0.4,28.243749738469674,589.0,8078.6,7507.501729176875
-2.8000000000000003,-0.2,28.031432859873412,586.0,8069.5,7525.83719335968
-2.8000000000000003,0.0,27.961846691894024,583.3,8099.8,7509.804424357791
-2.8000000000000003,0.2,28.031432859873412,586.9,8095.5,7537.395646387023
-2.8000000000000003,0.4,28.243749738469674,596.5,8098.0,7603.098100940588
-2.8000000000000003,0.6000000000000001,28.609853174435056,610.2,8087.9,7678.193895671321
-2.8000000000000003,0.8,29.14950465467765,614.6,8082.7,7590.386273150438
-2.8000000000000003,1.0,29.893419343495818,631.1,8067.4,7600.20114759582
-2.8000000000000003,1.2000000000000002,30.8869573909846,653.5,8081.6,7616.807218074144
-2.8000000000000003,1.4000000000000001,32.195926726324615,678.8,8061.3,7590.02845537586
-2.8000000000000003,1.6,33.91550580270445,715.9000000000001,8070.2,7599.002105386526
-2.8000000000000003,1.8,36.18356100525706,760.6,8095.5,7567.414383570971
-2.8000000000000003,2.0,39.19904665222124,831.1,8075.6,7632.736649299247
-2.8000000000000003,2.2,43.24162264561305,926.4,8089.2,7712.569038706846
-2.8000000000000003,2.4000000000000004,48.66929869685561,1046.4,8078.7,7740.074545687625
-2.8000000000000003,2.6,55.80659396507443,1205.8,8091.0,7778.435649946066
-2.8000000000000003,2.8000000000000003,64.48404040187096,1392.6000000000001,8089.9,7774.574869620827
-2.8000000000000003,3.0,72.86621861022547,1580.5,8082.7,7808.5567064153065
-2.6,-3.0,58.559610800729054,1220.9,8078.2,7505.5826702066815
-2.6,-2.8000000000000003,55.80659396507443,1171.1,8099.7,7554.591134227766
-2.6,-2.6,51.260904043690516,1084.7,8083.5,7617.735334265218
-2.6,-2.4000000000000004,46.62881925895641,976.8,8066.2,7541.43050560852
-2.6,-2.2,42.588903902962834,903.0,8081.1,7632.974089699095
-2.6,-2.0,39.28652732878934,829.5,8097.4,7601.07905442612
-2.6,-1.8,36.65992816247251,775.8,8093.2,7618.345534181852
-2.6,-1.6,34.593868685664994,729.5999999999999,8092.8,7592.559316987849
-2.6,-1.4000000000000001,32.97703158739516,686.5,8079.7,7494.307040493741
-2.6,-1.2000000000000002,31.71806547055731,660.3000000000001,8072.0,7494.404102944281
-2.6,-1.0,30.746744312559684,635.1999999999999,8093.3,7437.275233937213
-2.6,-0.8,30.01085015930628,628.1999999999999,8083.3,7535.6745576856265
-2.6,-0.6000000000000001,29.472525603149855,615.8,8088.2,7521.852826087875
-2.6,-0.4,29.105219350667266,615.9,8084.5,7618.015082745519
-2.6,-0.2,28.89143850675763,601.7,8090.3,7497.4459976901135
-2.6,0.0,28.821251295693973,603.7,8074.8,7540.685786687909
-2.6,0.2,28.89143850675763,605.8000000000001,8075.5,7548.533796577482
-2.6,0.4,29.105219350667266,608.6,8089.1,7527.72199928385
-2.6,0.6000000000000001,29.472525603149855,618.8000000000001,8086.5,7558.497123714156
-2.6,0.8,30.01085015930628,636.5999999999999,8071.3,7636.438114330898
-2.6,1.0,30.746744312559684,650.5999999999999,8072.9,7617.587007555967
-2.6,1.2000000000000002,31.71806547055731,664.9,8070.0,7546.614096694914
-2.6,1.4000000000000001,32.97703158739517,697.0,8086.9,7608.932275636032
-2.6,1.6,34.593868685664994,730.5,8084.0,7601.925138513741
-2.6,1.8,36.65992816247251,766.6,8076.0,7528.001658293128
-2.6,2.0,39.28652732878934,831.0,8074.2,7614.824224506457
-2.6,2.2,42.588903902962834,910.1,8083.7,7692.989722076574
-2.6,2.4000000000000004,46.62881925895641,997.1,8072.6,7698.157613781998
-2.6,2.6,51.260904043690516,1113.3000000000002,8096.9,7818.590161000708
-2.6,2.8000000000000003,55.80659396507443,1206.3000000000002,8079.8,7781.661075244603
-2.6,3.0,58.559610800729054,1273.1000000000001,8082.3,7826.486442329533
-2.4000000000000004,-3.0,48.93909572126325,1019.1999999999999,8095.7,7497.31875083631
-2.4000000000000004,-2.8000000000000003,48.669298696855606,1009.4,8095.9,7466.390717141713
-2.4000000000000004,-2.6,46.62881925895627,974.5,8099.5,7523.673247047017
-2.4000000000000004,-2.4000000000000004,43.91360217280308,926.4000000000001,8075.3,7594.548921029949
-2.4000000000000004,-2.2,41.16911393363015,871.0000000000001,8084.1,7616.389327822277
-2.4000000000000004,-2.0,38.691807946525415,821.5,8086.6,7643.478444034765
-2.4000000000000004,-1.8,36.57740941155644,774.3,8074.9,7620.769335073003
-2.4000000000000004,-1.6,34.82667802087297,731.9,8091.0,7565.579463022109
-2.4000000000000004,-1.4000000000000001,33.403875699434344,693.6,8084.4,7475.060745847175
-2.4000000000000004,-1.2000000000000002,32.264533786804904,668.2,8075.4,7455.6167955037245
-2.4000000000000004,-1.0,31.367015575518085,654.9000000000001,8082.4,7516.3032145147245
-2.4000000000000004,-0.8,30.676486996352654,650.9,8091.8,7638.55392007111
-2.4000000000000004,-0.6000000000000001,30.165668506875214,638.3,8089.4,7617.533818208863
-2.4000000000000004,-0.4,29.814405895543693,625.8000000000001,8095.4,7556.347115864329
-2.4000000000000004,-0.2,29.608953576450396,619.2,8077.2,7528.533537142427
-2.4000000000000004,0.0,29.541339581578743,618.8,8081.2,7540.890262773075
-2.4000000000000004,0.2,29.608953576450396,619.7,8076.8,7534.612779339732
-2.4000000000000004,0.4,29.814405895543693,622.5,8086.7,7516.500606624391
-2.4000000000000004,0.6000000000000001,30.16566850687521,632.4000000000001,8060.6,7547.122648653119
-2.4000000000000004,0.8,30.676486996352654,637.9000000000001,8098.2,7485.994078373577
-2.4000000000000004,1.0,31.367015575518085,652.4,8083.6,7487.610653763027
-2.4000000000000004,1.2000000000000002,32.264533786804904,675.8,8084.2,7540.415789286764
-2.4000000000000004,1.4000000000000001,33.40387569943435,696.0,8083.5,7500.92600794353
-2.4000000000000004,1.6,34.82667802087297,735.5,8104.3,7602.79231459593
-2.4000000000000004,1.8,36.57740941155643,769.0,8075.8,7568.605990793157
-2.4000000000000004,2.0,38.691807946525415,825.7,8084.3,7682.556483553872
-2.4000000000000004,2.2,41.16911393363015,885.0999999999999,8079.4,7739.685641854759
-2.4000000000000004,2.4000000000000004,43.91360217280308,946.8,8082.5,7761.786397270244
-2.4000000000000004,2.6,46.62881925895627,1009.4,8090.8,7793.120344350188
-2.4000000000000004,2.8000000000000003,48.6692986968556,1050.9,8069.4,7773.360416726994
-2.4000000000000004,3.0,48.93909572126325,1057.6,8082.1,7779.79229874851
-2.2,-3.0,42.51214116126148,867.9999999999999,8074.6,7350.370775601922
-2.2,-2.8000000000000003,43.24162264561305,889.7,8083.7,7407.030088231305
-2.2,-2.6,42.588903902962834,876.3000000000001,8058.9,7407.2815003359
-2.2,-2.4000000000000004,41.16911393363001,868.6,8083.7,7595.402721178475
-2.2,-2.2,39.45023987525026,844.0999999999999,8101.9,7702.76685163178
-2.2,-2.0,37.7197327388181,811.5,8068.9,7745.017760938511
-2.2,-1.8,36.12596681239643,772.9,8089.2,7702.0499256098
-2.2,-1.6,34.73052085463154,737.1,8091.3,7640.426733324186
-2.2,-1.4000000000000001,33.547921644416675,708.5,8087.9,7602.855482478129
-2.2,-1.2000000000000002,32.57039079957455,682.3,8082.8,7541.450807621521
-2.2,-1.0,31.78158395822596,668.5,8077.9,7572.309810496733
-2.2,-0.8,31.163606966472962,655.5999999999999,8079.6,7573.449384530979
-2.2,-0.6000000000000001,30.700320374355908,648.2,8088.9,7600.9630243116235
-2.2,-0.4,30.378737825220387,640.4,8081.5,7588.992055114372
-2.2,-0.2,30.189516249142503,628.0999999999999,8083.7,7489.884837304159
-2.2,0.0,30.127062074798868,625.3,8076.0,7471.953270488385
-2.2,0.2,30.189516249142503,623.3,8081.0,7432.646424282252
-2.2,0.4,30.37873782522039,630.0,8093.7,7465.7479617771
-2.2,0.6000000000000001,30.700320374355904,626.2,8082.9,7342.985260450383
-2.2,0.8,31.163606966472962,641.5999999999999,8071.6,7411.7222774787615
-2.2,1.0,31.78158395822596,659.6,8087.2,7471.4967105514515
-2.2,1.2000000000000002,32.57039079957455,678.3,8084.5,7497.2388726508525
-2.2,1.4000000000000001,33.547921644416675,705.5,8092.7,7570.662728141595
-2.2,1.6,34.73052085463155,731.3999999999999,8086.5,7581.343254311908
-2.2,1.8,36.12596681239643,767.9,8084.7,7652.224269473108
-2.2,2.0,37.71973273881811,801.5000000000001,8097.6,7649.576999867179
-2.2,2.2,39.45023987525026,840.7,8076.6,7671.740424318018
-2.2,2.4000000000000004,41.16911393363001,876.2,8077.0,7661.860308883927
-2.2,2.6,42.588903902962834,907.3,8096.7,7669.32158536433
-2.2,2.8000000000000003,43.24162264561305,918.5,8080.4,7646.799073890585
-2.2,3.0,42.51214116126148,920.3000000000001,8093.7,7793.256019339229
-2.0,-3.0,38.0998178333191,778.9,8077.5,7359.720228236386
-2.0,-2.8000000000000003,39.199046652221234,815.5,8098.9,7489.467858866005
-2.0,-2.6,39.28652732878936,815.1,8074.5,7469.125421654885
-2.0,-2.4000000000000004,38.69180794652556,811.6,8083.1,7551.365922311129
-2.0,-2.2,37.719732738818166,798.8,8085.5,7623.807994377907
-2.0,-2.0,36.596892955986874,778.8,8101.3,7660.978223948781
-2.0,-1.8,35.46880233553441,753.3,8084.0,7645.8177931852615
-2.0,-1.6,34.41810271490001,733.5999999999999,8083.7,7673.171359491284
-2.0,-1.4000000000000001,33.48565079399841,714.9,8090.2,7685.799555854146
-2.0,-1.2000000000000002,32.68736247472702,694.9,8085.5,7653.232964067382
-2.0,-1.0,32.025663992227386,688.5,8098.0,7739.41798865296
-2.0,-0.8,31.496585054615814,665.5999999999999,8074.2,7607.681898990008
-2.0,-0.6000000000000001,31.09388486978469,651.1999999999999,8082.6,7539.488905350902
-2.0,-0.4,30.811336409528018,637.7,8084.1,7450.893948534078
-2.0,-0.2,30.643933590894747,630.1,8092.8,7402.313391887781
-2.0,0.0,30.58849468155848,626.2,8096.1,7369.8298117269205
-2.0,0.2,30.643933590894747,627.0,8083.0,7365.8950908008865
-2.0,0.4,30.81133640952802,627.5,8095.4,7331.717034193403
-2.0,0.6000000000000001,31.09388486978469,633.5999999999999,8096.7,7335.718934936012
-2.0,0.8,31.49658505461581,642.9,8081.2,7348.225199610392
-2.0,1.0,32.025663992227386,666.8000000000001,8073.9,7495.488619947413
-2.0,1.2000000000000002,32.68736247472702,681.4,8079.0,7504.551650187817
-2.0,1.4000000000000001,33.48565079399841,705.3,8081.3,7582.591169036128
-2.0,1.6,34.41810271490001,730.3000000000001,8079.1,7638.65463990797
-2.0,1.8,35.46880233553441,755.4,8092.3,7667.132299179804
-2.0,2.0,36.596892955986874,772.4,8076.1,7598.022059807446
-2.0,2.2,37.719732738818166,816.2,8080.1,7789.874918642024
-2.0,2.4000000000000004,38.69180794652556,826.3999999999999,8102.5,7689.0694901403585
-2.0,2.6,39.28652732878936,833.0,8071.2,7633.151117946902
-2.0,2.8000000000000003,39.199046652221234,828.3,8073.3,7607.0217381958455
-2.0,3.0,38.0998178333191,816.4,8078.0,7714.052631059425
-1.8,-3.0,34.97356360598829,718.6999999999999,8087.4,7397.930703169723
-1.8,-2.8000000000000003,36.18356100525706,745.3000000000001,8077.4,7415.190560183336
-1.8,-2.6,36.65992816247251,766.5999999999999,8106.2,7528.001658293127
-1.8,-2.4000000000000004,36.57740941155644,765.6,8082.0,7535.1427133306115
-1.8,-2.2,36.12596681239643,758.4000000000001,8076.3,7557.555522813395
-1.8,-2.0,35.46880233553441,752.3000000000001,8093.6,7635.668028425957
-1.8,-1.8,34.72742808828246,739.4,8074.6,7664.950002151596
-1.8,-1.6,33.983438728923524,721.3,8099.3,7641.0160275803655
-1.8,-1.4000000000000001,33.28708980480317,708.2,8084.5,7659.185633080235
-1.8,-1.2000000000000002,32.666758903094234,690.2,8090.7,7606.264237511009
-1.8,-1.0,32.136795320307144,676.1,8075.6,7573.748333462447
-1.8,-0.8,31.703215154841985,665.4,8081.9,7555.82671442126
-1.8,-0.6000000000000001,31.367516929197734,654.1,8076.4,7507.001607156625
-1.8,-0.4,31.129101997848725,639.3,8102.7,7393.338876781768
-1.8,-0.2,30.98674125629118,643.9,8091.7,7480.74791352696
-1.8,0.0,30.939415361060842,637.3,8096.4,7415.3954534237655
-1.8,0.2,30.98674125629118,638.1,8068.8,7413.3642547314075
-1.8,0.4,31.12910199784873,633.0,8075.5,7320.481008920474
-1.8,0.6000000000000001,31.367516929197734,638.1999999999999,8071.5,7324.519837467295
-1.8,0.8,31.703215154841985,652.8,8084.7,7412.749743273516
-1.8,1.0,32.136795320307144,663.5999999999999,8077.2,7433.721925877354
-1.8,1.2000000000000002,32.666758903094234,687.7,8072.8,7578.713294894698
-1.8,1.4000000000000001,33.28708980480317,701.3000000000001,8072.7,7584.562107426107
-1.8,1.6,33.983438728923524,728.6,8084.4,7718.347813246991
-1.8,1.8,34.72742808828246,744.1,8078.6,7713.6722972694115
-1.8,2.0,35.46880233553441,756.3,8090.9,7676.267087463179
-1.8,2.2,36.12596681239643,767.3,8087.2,7646.245190736704
-1.8,2.4000000000000004,36.57740941155643,776.0,8076.9,7637.500973804278
-1.8,2.6,36.65992816247251,785.6999999999999,8101.0,7715.5634006273285
-1.8,2.8000000000000003,36.18356100525706,762.9,8066.6,7590.297703426628
-1.8,3.0,34.97356360598828,749.1,8087.2,7710.852775489691
-1.6,-3.0,32.69874365330925,680.5,8084.6,7492.030966003398
-1.6,-2.8000000000000003,33.91550580270445,696.5,8077.2,7393.078595336939
-1.6,-2.6,34.593868685664994,720.8,8075.7,7500.982395401375
-1.6,-2.4000000000000004,34.82667802087297,727.9,8092.1,7524.231850162308
-1.6,-2.2,34.73052085463154,728.5999999999999,8092.8,7552.319790937459
-1.6,-2.0,34.41810271490001,718.1,8094.7,7511.047373569646
-1.6,-1.8,33.98343872892352,710.5,8069.3,7526.60735837495
-1.6,-1.6,33.49754191108352,704.5999999999999,8076.3,7572.3765246210905
-1.6,-1.4000000000000001,33.01023611645464,690.9,8076.7,7534.7537388870205
-1.6,-1.2000000000000002,32.55445206368397,696.0,8081.7,7696.6431353182425
-1.6,-1.0,32.15082869180408,678.1,8094.8,7592.836948001602
-1.6,-0.8,31.811639655376897,662.4,8090.2,7496.1241414569495
-1.6,-0.6000000000000001,31.54377744058902,646.7,8065.8,7380.599880229585
-1.6,-0.4,31.35085937766361,645.5,8077.4,7412.237004436395
-1.6,-0.2,31.234627978758954,647.0,8091.2,7457.108186414026
-1.6,0.0,31.195818791597993,645.5999999999999,8094.1,7450.229197465298
-1.6,0.2,31.23462797875895,650.6,8083.4,7498.600596724833
-1.6,0.4,31.35085937766361,649.2,8075.2,7454.723878048193
-1.6,0.6000000000000001,31.543777440589025,647.0,8080.9,7384.023693379528
-1.6,0.8,31.811639655376897,654.4000000000001,8072.3,7405.591241197809
-1.6,1.0,32.15082869180408,667.9,8086.1,7478.625272924744
-1.6,1.2000000000000002,32.55445206368397,677.5999999999999,8074.2,7493.16866162592
-1.6,1.4000000000000001,33.010236116454635,693.8,8072.7,7566.380292429897
-1.6,1.6,33.49754191108352,704.6999999999999,8093.4,7573.4512303441425
-1.6,1.8,33.983438728923524,712.5999999999999,8076.1,7548.853488498223
-1.6,2.0,34.41810271490001,724.9,8084.2,7582.172735135267
-1.6,2.2,34.73052085463154,738.3000000000001,8092.8,7652.865360484665
-1.6,2.4000000000000004,34.82667802087297,740.4,8076.1,7653.443140349186
-1.6,2.6,34.593868685665,736.5,8064.0,7664.363948686337
-1.6,2.8000000000000003,33.91550580270445,724.5,8079.8,7690.287785099227
-1.6,3.0,32.69874365330925,702.2,8078.7,7730.939227520334
-1.4000000000000001,-3.0,31.011170847898395,645.4,8080.3,7492.267903704313
-1.4000000000000001,-2.8000000000000003,32.19592672632461,658.0,8098.9,7357.4524508504965
-1.4000000000000001,-2.6,32.97703158739517,684.5999999999999,8076.7,7473.565331277513
-1.4000000000000001,-2.4000000000000004,33.403875699434344,690.8,8072.5,7444.884606734758
-1.4000000000000001,-2.2,33.54792164441667,696.0,8071.2,7468.719006075905
-1.4000000000000001,-2.0,33.48565079399841,694.1999999999999,8076.1,7463.256471777798
-1.4000000000000001,-1.8,33.287089804803166,684.5000000000001,8080.4,7402.870044963884
-1.4000000000000001,-1.6,33.01023611645464,685.7,8081.7,7478.044056672211
-1.4000000000000001,-1.4000000000000001,32.6998341934121,682.8000000000001,8093.3,7517.102335935451
-1.4000000000000001,-1.2000000000000002,32.38861799154475,674.7,8072.4,7499.301145340888
-1.4000000000000001,-1.0,32.099555686169225,677.9000000000001,8075.7,7602.722055905328
-1.4000000000000001,-0.8,31.848211022835446,669.6,8089.0,7568.902373422506
-1.4000000000000001,-0.6000000000000001,31.644795893050702,652.4,8091.4,7421.883863424661
-1.4000000000000001,-0.4,31.4957731165613,652.9,8081.7,7462.715683470799
-1.4000000000000001,-0.2,31.405011230347945,655.9,8085.0,7518.672681505801
-1.4000000000000001,0.0,31.374546370276825,655.7,8094.4,7523.678500850856
-1.4000000000000001,0.2,31.40501123034795,659.5,8079.8,7559.939980870675
-1.4000000000000001,0.4,31.4957731165613,653.8,8088.7,7473.002778148581
-1.4000000000000001,0.6000000000000001,31.644795893050702,659.9,8079.6,7507.205949530861
-1.4000000000000001,0.8,31.848211022835446,668.5999999999999,8093.3,7557.598755779997
-1.4000000000000001,1.0,32.099555686169225,674.6,8084.8,7565.712197837046
-1.4000000000000001,1.2000000000000002,32.38861799154475,680.0,8079.0,7558.210728963693
-1.4000000000000001,1.4000000000000001,32.69983419341211,689.9999999999999,8080.8,7596.368792904889
-1.4000000000000001,1.6,33.01023611645464,696.5999999999999,8080.1,7596.916275160947
-1.4000000000000001,1.8,33.28708980480317,691.1,8076.8,7474.249069502612
-1.4000000000000001,2.0,33.48565079399841,695.6999999999999,8087.4,7479.382782218113
-1.4000000000000001,2.2,33.54792164441667,700.5,8082.0,7517.008137580706
-1.4000000000000001,2.4000000000000004,33.403875699434344,703.5,8098.0,7581.754951994647
-1.4000000000000001,2.6,32.97703158739517,690.4000000000001,8071.8,7536.882127832305
-1.4000000000000001,2.8000000000000003,32.195926726324615,679.5,8092.8,7597.855532451233
-1.4000000000000001,3.0,31.011170847898395,660.5999999999999,8089.1,7668.720448074169
-1.2000000000000002,-3.0,29.74519024158909,619.2,8081.5,7494.051918630167
-1.2000000000000002,-2.8000000000000003,30.8869573909846,634.3,8103.0,7393.023440588261
-1.2000000000000002,-2.6,31.718065470557306,652.7,8073.5,7408.144113269321
-1.2000000000000002,-2.4000000000000004,32.264533786804904,664.7,8094.6,7416.5646273141665
-1.2000000000000002,-2.2,32.57039079957455,679.6,8082.2,7511.60775151632
-1.2000000000000002,-2.0,32.68736247472702,675.2,8086.3,7436.268380109796
-1.2000000000000002,-1.8,32.666758903094234,672.3,8081.2,7408.999488378224
-1.2000000000000002,-1.6,32.55445206368397,661.9,8106.7,7319.551855268885
-1.2000000000000002,-1.4000000000000001,32.38861799154475,673.8000000000001,8080.5,7489.297631140789
-1.2000000000000002,-1.2000000000000002,32.19940589382729,674.0,8086.6,7535.542761256807
-1.2000000000000002,-1.0,32.009686212430736,669.6999999999999,8086.7,7531.845154619904
-1.2000000000000002,-0.8,31.836240681164355,671.0999999999999,8097.8,7588.710062207132
-1.2000000000000002,-0.6000000000000001,31.691000527155886,668.3,8083.4,7591.682054778962
-1.2000000000000002,-0.4,31.58212971196378,655.1,8077.5,7467.387479909621
-1.2000000000000002,-0.2,31.51487148889712,659.2,8082.5,7530.159216533898
-1.2000000000000002,0.0,31.492140849968372,656.9,8080.3,7509.302118475616
-1.2000000000000002,0.2,31.514871488897118,659.8,8067.0,7537.013123587782
-1.2000000000000002,0.4,31.58212971196378,661.5,8100.2,7540.340128163966
-1.2000000000000002,0.6000000000000001,31.691000527155886,665.2,8072.5,7556.467010083745
-1.2000000000000002,0.8,31.836240681164355,669.9,8082.6,7575.140620879985
-1.2000000000000002,1.0,32.00968621243074,679.9,8083.4,7646.560430978157
-1.2000000000000002,1.2000000000000002,32.19940589382729,676.0999999999999,8074.9,7559.021455320069
-1.2000000000000002,1.4000000000000001,32.38861799154475,680.3,8093.4,7561.545233697058
-1.2000000000000002,1.6,32.55445206368397,687.9000000000001,8086.7,7607.070133312384
-1.2000000000000002,1.8,32.666758903094234,689.1,8082.3,7594.1418227598315
-1.2000000000000002,2.0,32.68736247472702,689.3,8085.2,7591.5577523840075
-1.2000000000000002,2.2,32.57039079957455,685.3999999999999,8077.7,7575.715057223785
-1.2000000000000002,2.4000000000000004,32.264533786804904,667.1000000000001,8078.2,7443.343256929864
-1.2000000000000002,2.6,31.718065470557306,660.1999999999999,8086.9,7493.269103080136
-1.2000000000000002,2.8000000000000003,30.8869573909846,647.6,8080.0,7548.040328117545
-1.2000000000000002,3.0,29.74519024158909,628.8,8089.4,7610.238770081795
-1.0,-3.0,28.79379412969564,593.3000000000001,8080.4,7417.8484099017105
-1.0,-2.8000000000000003,29.893419343495815,615.4,8092.6,7411.129434686211
-1.0,-2.6,30.74674431255969,634.9000000000001,8094.7,7433.762666918665
-1.0,-2.4000000000000004,31.367015575518085,652.7,8087.1,7491.053761053231
-1.0,-2.2,31.781583958225955,660.6,8101.3,7482.824025152045
-1.0,-2.0,32.025663992227386,660.7,8086.5,7426.918613076268
-1.0,-1.8,32.136795320307144,658.4,8070.3,7375.470940321957
-1.0,-1.6,32.15082869180408,662.3,8080.6,7415.920823862942
-1.0,-1.4000000000000001,32.099555686169225,662.1999999999999,8056.5,7426.644852368353
-1.0,-1.2000000000000002,32.00968621243074,672.5,8096.7,7563.335622639816
-1.0,-1.0,31.902739061806482,676.1999999999999,8082.4,7630.4419983622465
-1.0,-0.8,31.7954439589864,672.1,8095.2,7609.76951012554
-1.0,-0.6000000000000001,31.700356210410554,669.7,8083.4,7605.340406894993
-1.0,-0.4,31.62649249933935,671.0,8075.9,7637.900409128391
-1.0,-0.2,31.579880378058604,664.2,8080.7,7571.6562931040335
-1.0,0.0,31.563969091407373,658.1999999999999,8076.0,7507.040680270631
-1.0,0.2,31.579880378058608,657.6,8080.1,7496.418516027118
-1.0,0.4,31.62649249933935,670.0,8090.3,7626.517547117767
-1.0,0.6000000000000001,31.700356210410554,671.2,8089.8,7622.3749157950115
-1.0,0.8,31.7954439589864,670.9,8080.5,7596.182657853332
-1.0,1.0,31.902739061806482,676.9,8094.6,7638.341006642126
-1.0,1.2000000000000002,32.00968621243074,675.5,8085.2,7597.075409804008
-1.0,1.4000000000000001,32.099555686169225,674.9,8085.5,7569.076730388707
-1.0,1.6,32.15082869180408,678.9,8076.9,7601.794726439001
-1.0,1.8,32.136795320307144,675.8000000000001,8082.6,7570.3876996804065
-1.0,2.0,32.025663992227386,672.5,8074.9,7559.562232925367
-1.0,2.2,31.78158395822596,662.4,8100.9,7503.213191433112
-1.0,2.4000000000000004,31.367015575518085,649.0,8092.7,7448.588771140718
-1.0,2.6,30.746744312559688,635.0,8092.4,7434.933522591514
-1.0,2.8000000000000003,29.893419343495815,625.1,8075.6,7527.94444202527
-1.0,3.0,28.79379412969564,601.1,8100.7,7515.369423886597
-0.8,-3.0,28.086279884485915,575.5,8090.0,7376.55541609982
-0.8,-2.8000000000000003,29.14950465467765,596.5,8077.1,7366.849026902433
-0.8,-2.6,30.01085015930628,623.9,8093.4,7484.0932132124535
-0.8,-2.4000000000000004,30.676486996352654,632.1999999999999,8077.8,7419.102455475427
-0.8,-2.2,31.16360696647296,650.5999999999999,8090.4,7515.689703440901
-0.8,-2.0,31.496585054615814,656.3,8101.3,7501.384660918184
-0.8,-1.8,31.703215154841985,656.6,8068.5,7455.89994092125
-0.8,-1.6,31.811639655376897,657.5,8100.9,7440.672740048226
-0.8,-1.4000000000000001,31.848211022835446,657.5,8068.9,7432.128599948173
-0.8,-1.2000000000000002,31.83624068116435,660.3,8095.1,7466.585090262807
-0.8,-1.0,31.7954439589864,654.3,8087.4,7408.231201421128
-0.8,-0.8,31.74185277669891,667.9,8076.1,7574.983152102115
-0.8,-0.6000000000000001,31.68799366570425,672.4,8089.9,7638.981582541294
-0.8,-0.4,31.643178489638792,674.6,8083.1,7674.829508025577
-0.8,-0.2,31.613805168858114,663.5,8073.9,7555.559943644315
-0.8,0.0,31.603605522436105,665.6,8081.5,7581.919722099153
-0.8,0.2,31.613805168858114,663.8999999999999,8068.4,7560.114915727898
-0.8,0.4,31.643178489638792,669.9,8104.0,7621.358267753237
-0.8,0.6000000000000001,31.68799366570425,677.0999999999999,8075.8,7692.377200384756
-0.8,0.8,31.74185277669891,674.1,8078.1,7645.300408492343
-0.8,1.0,31.795443958986397,668.4,8095.6,7567.876715619567
-0.8,1.2000000000000002,31.83624068116435,666.7,8088.3,7538.9554440075935
-0.8,1.4000000000000001,31.848211022835446,670.0,8090.2,7573.423820479507
-0.8,1.6,31.811639655376897,675.8,8072.9,7647.766749391011
-0.8,1.8,31.703215154841985,679.6,8087.8,7717.072189841731
-0.8,2.0,31.496585054615814,660.9999999999999,8092.8,7555.1047704813645
-0.8,2.2,31.163606966472962,655.1,8087.8,7567.673416421972
-0.8,2.4000000000000004,30.676486996352654,638.4000000000001,8075.0,7491.861764592713
-0.8,2.6,30.01085015930628,621.6,8078.7,7456.503191750057
-0.8,2.8000000000000003,29.14950465467765,607.7,8069.7,7505.17041684595
-0.8,3.0,28.086279884485915,592.0,8082.1,7588.046579202594
-0.6000000000000001,-3.0,27.575419519813234,559.6,8080.9,7305.636813802659
-0.6000000000000001,-2.8000000000000003,28.609853174435052,586.7,8090.1,7382.491574222164
-0.6000000000000001,-2.6,29.472525603149904,608.7,8076.9,7435.127988372332
-0.6000000000000001,-2.4000000000000004,30.165668506875257,626.0,8073.3,7470.7444308299255
-0.6000000000000001,-2.2,30.700320374355908,633.1999999999999,8085.9,7425.069094406231
-0.6000000000000001,-2.0,31.09388486978469,641.4,8083.9,7426.02608091534
-0.6000000000000001,-1.8,31.36751692919774,649.9,8077.4,7458.798875540572
-0.6000000000000001,-1.6,31.54377744058902,658.8,8079.3,7518.693677277331
-0.6000000000000001,-1.4000000000000001,31.6447958930507,656.9000000000001,8079.0,7473.077115088383
-0.6000000000000001,-1.2000000000000002,31.691000527155886,657.0,8066.0,7463.317537018972
-0.6000000000000001,-1.0,31.700356210410554,662.2,8089.6,7520.1678623949
-0.6000000000000001,-0.8,31.687993665704255,666.4,8076.5,7570.816964017725
-0.6000000000000001,-0.6000000000000001,31.66610313329716,671.3,8077.3,7631.756865778794
-0.6000000000000001,-0.4,31.64398080319033,673.0,8085.0,7656.432403586006
-0.6000000000000001,-0.2,31.628141555857507,669.8,8099.8,7623.843455175863
-0.6000000000000001,0.0,31.622437220383883,676.1,8098.2,7696.939938680833
-0.6000000000000001,0.2,31.62814155585751,668.5,8082.7,7609.046506098932
-0.6000000000000001,0.4,31.64398080319033,676.6,8070.5,7697.388059831043
-0.6000000000000001,0.6000000000000001,31.66610313329716,674.0,8083.2,7662.452148867731
-0.6000000000000001,0.8,31.687993665704255,667.5,8068.7,7583.313810747046
-0.6000000000000001,1.0,31.700356210410554,660.8,8078.8,7504.2689874215475
-0.6000000000000001,1.2000000000000002,31.691000527155886,664.5,8080.0,7548.515225797727
-0.6000000000000001,1.4000000000000001,31.6447958930507,662.3,8081.7,7534.509017084845
-0.6000000000000001,1.6,31.54377744058902,664.7,8082.6,7586.0286692262325
-0.6000000000000001,1.8,31.367516929197738,668.0000000000001,8062.9,7666.529695124025
-0.6000000000000001,2.0,31.09388486978469,654.4000000000001,8089.4,7576.537990880884
-0.6000000000000001,2.2,30.700320374355908,643.8,8100.2,7549.367471539374
-0.6000000000000001,2.4000000000000004,30.16566850687526,624.2,8089.0,7449.263057067155
-0.6000000000000001,2.6,29.472525603149904,609.3000000000001,8090.5,7442.456847897589
-0.6000000000000001,2.8000000000000003,28.609853174435056,599.7,8092.2,7546.071581832335
-0.6000000000000001,3.0,27.57541951981323,588.4,8075.0,7681.623840674562
-0.4,-3.0,27.229916540525448,554.4,8066.8,7329.585447056558
-0.4,-2.8000000000000003,28.243749738469674,580.1,8069.9,7394.060701350604
-0.4,-2.6,29.105219350667266,604.2,8069.6,7473.298770895995
-0.4,-2.4000000000000004,29.814405895543693,619.4000000000001,8088.4,7479.069037338391
-0.4,-2.2,30.378737825220387,624.6,8078.4,7401.75583639044
-0.4,-2.0,30.811336409528018,638.0,8090.0,7454.399151897039
-0.4,-1.8,31.129101997848768,657.0999999999999,8082.2,7599.191265342239
-0.4,-1.6,31.350859377663614,656.3000000000001,8107.8,7536.252743627586
-0.4,-1.4000000000000001,31.4957731165613,661.4,8088.9,7559.871577649849
-0.4,-1.2000000000000002,31.582129711963784,654.3000000000001,8101.1,7458.268398877828
-0.4,-1.0,31.62649249933935,648.8,8078.5,7385.200872492548
-0.4,-0.8,31.64317848963879,651.8000000000001,8079.4,7415.43710840657
-0.4,-0.6000000000000001,31.64398080319033,668.0,8098.0,7599.549547690123
-0.4,-0.4,31.63805720262902,668.0,8088.7,7600.972413060081
-0.4,-0.2,31.631914934410368,676.1000000000001,8082.9,7694.633742683244
-0.4,0.0,31.629437422365278,679.7,8075.7,7736.210945913869
-0.4,0.2,31.631914934410368,681.4,8077.0,7754.952569537584
-0.4,0.4,31.63805720262902,676.1,8078.7,7693.1398929190445
-0.4,0.6000000000000001,31.64398080319033,665.0,8067.5,7565.419834152593
-0.4,0.8,31.64317848963879,664.8,8069.5,7563.336283627933
-0.4,1.0,31.62649249933935,665.8,8081.2,7578.709526673148
-0.4,1.2000000000000002,31.58212971196378,660.6,8063.9,7530.0811620032
-0.4,1.4000000000000001,31.4957731165613,666.7,8076.4,7620.451135196788
-0.4,1.6,31.350859377663614,661.5,8073.3,7595.964025460379
-0.4,1.8,31.129101997848768,651.6,8075.1,7535.585190225237
-0.4,2.0,30.81133640952802,643.9,8093.2,7523.3348180352705
-0.4,2.2,30.37873782522039,632.1,8091.5,7490.633788316356
-0.4,2.4000000000000004,29.814405895543693,622.0,8090.5,7510.463256739552
-0.4,2.6,29.10521935066727,607.1,8095.6,7509.168625969809
-0.4,2.8000000000000003,28.24374973846967,593.0,8108.1,7558.486460784189
-0.4,3.0,27.229916540525448,579.0,8061.2,7654.8159701402365
-0.2,-3.0,27.029923794668882,556.8000000000001,8090.8,7415.781173587121
-0.2,-2.8000000000000003,28.031432859873412,576.8000000000001,8083.5,7407.68411796905
-0.2,-2.6,28.89143850675763,601.1,8085.4,7489.969734438303
-0.2,-2.4000000000000004,29.608953576450396,620.3,8103.8,7541.907869976497
-0.2,-2.2,30.189516249142503,625.8,8076.7,7462.4580977311625
-0.2,-2.0,30.643933590894747,634.7,8090.2,7456.353451565108
-0.2,-1.8,30.98674125629118,649.8,8089.1,7549.293359543124
-0.2,-1.6,31.234627978758954,657.8000000000001,8094.4,7581.58541734644
-0.2,-1.4000000000000001,31.405011230347945,660.6999999999999,8092.2,7573.6957473256325
-0.2,-1.2000000000000002,31.51487148889712,653.8,8095.9,7468.474053048941
-0.2,-1.0,31.579880378058604,651.9,8085.4,7431.440435824328
-0.2,-0.8,31.613805168858114,653.8,8073.1,7445.101870617413
-0.2,-0.6000000000000001,31.628141555857507,657.5,8092.2,7483.841552371051
-0.2,-0.4,31.631914934410368,667.4,8095.5,7595.619819356302
-0.2,-0.2,31.631591938307743,674.2,8085.8,7673.088362842128
-0.2,0.0,31.63105328250734,675.5,8069.4,7688.014617410285
-0.2,0.2,31.63159193830774,688.7,8094.8,7838.113253469852
-0.2,0.4,31.631914934410368,672.7,8081.4,7655.938646210646
-0.2,0.6000000000000001,31.62814155585751,662.5,8076.5,7540.752894974632
-0.2,0.8,31.613805168858118,671.3000000000001,8070.6,7644.381899274196
-0.2,1.0,31.579880378058604,669.5,8060.8,7632.074508029435
-0.2,1.2000000000000002,31.51487148889712,661.5999999999999,8064.2,7557.5748447494325
-0.2,1.4000000000000001,31.405011230347945,661.4,8077.4,7581.71994442436
-0.2,1.6,31.234627978758954,651.3,8085.0,7506.668565396376
-0.2,1.8,30.98674125629118,642.9,8096.5,7469.13004132083
-0.2,2.0,30.643933590894747,635.8,8087.9,7469.2760745314245
-0.2,2.2,30.189516249142503,624.2,8093.7,7443.378626723861
-0.2,2.4000000000000004,29.608953576450396,610.9,8084.0,7427.618116667164
-0.2,2.6,28.891438506757623,596.7,8067.1,7435.1438039250315
-0.2,2.8000000000000003,28.03143285987341,588.7,8064.6,7560.512552441713
-0.2,3.0,27.029923794668882,578.6,8086.4,7706.126054305868
0.0,-3.0,26.964435354191224,549.8,8072.4,7340.335423312878
0.0,-2.8000000000000003,27.961846691894024,578.6,8077.1,7449.293399508689
0.0,-2.6,28.821251295693976,606.8,8076.2,7579.4072144479405
0.0,-2.4000000000000004,29.541339581578747,617.6,8087.5,7526.266687602863
0.0,-2.2,30.127062074798868,622.9,8101.0,7443.2747356264435
0.0,-2.0,30.58849468155848,631.2,8089.2,7428.675466563449
0.0,-1.8,30.939415361060842,647.4,8082.6,7532.915450410397
0.0,-1.6,31.195818791597993,662.5999999999999,8082.3,7646.4093343254435
0.0,-1.4000000000000001,31.374546370276825,652.3,8070.2,7484.665984604259
0.0,-1.2000000000000002,31.492140849968372,661.0,8091.4,7556.1709549587185
0.0,-1.0,31.563969091407373,653.9000000000001,8058.3,7457.997418457865
0.0,-0.8,31.603605522436105,650.8000000000001,8101.3,7413.331362893823
0.0,-0.6000000000000001,31.622437220383883,661.5,8082.8,7530.728841055126
0.0,-0.4,31.629437422365278,660.0999999999999,8080.8,7513.127623065682
0.0,-0.2,31.63105328250734,670.2,8077.5,7627.694147429123
0.0,0.0,31.631161012237232,682.5,8091.8,7767.656707414103
0.0,0.2,31.631053282507345,676.9000000000001,8077.1,7703.948326461912
0.0,0.4,31.629437422365278,676.5,8089.5,7699.789178918246
0.0,0.6000000000000001,31.62243722038388,680.6,8094.1,7748.169386579168
0.0,0.8,31.60360552243611,672.0,8061.0,7654.822796350105
0.0,1.0,31.563969091407373,662.9,8075.0,7560.646105972959
0.0,1.2000000000000002,31.49214084996837,670.6,8092.9,7665.912620870375
0.0,1.4000000000000001,31.374546370276825,655.2,8081.0,7517.94136610871
0.0,1.6,31.195818791597993,640.3,8079.2,7389.067154797135
0.0,1.8,30.939415361060846,636.8,8091.3,7409.577631790763
0.0,2.0,30.58849468155848,639.3,8087.3,7524.005427398624
0.0,2.2,30.127062074798864,624.0,8065.3,7456.419064104834
0.0,2.4000000000000004,29.541339581578747,605.8,8068.9,7382.468198429102
0.0,2.6,28.821251295693976,597.6,8080.0,7464.492009482679
0.0,2.8000000000000003,27.961846691894024,590.1,8092.9,7597.352290096919
0.0,3.0,26.964435354191224,570.7,8090.2,7619.3696363853405
0.2,-3.0,27.029923794668882,552.4,8070.0,7357.1794545429675
0.2,-2.8000000000000003,28.031432859873412,572.9,8087.0,7357.597488183891
0.2,-2.6,28.89143850675763,603.2,8096.7,7516.136655819638
0.2,-2.4000000000000004,29.608953576450396,615.5,8083.1,7483.54714488237
0.2,-2.2,30.189516249142503,623.7,8067.9,7437.416292034079
0.2,-2.0,30.643933590894747,636.0,8070.5,7471.625642343483
0.2,-1.8,30.986741256291182,634.2,8064.9,7368.054553127501
0.2,-1.6,31.23462797875895,653.1,8087.5,7527.41477055178
0.2,-1.4000000000000001,31.405011230347945,660.0,8079.2,7565.671550226908
0.2,-1.2000000000000002,31.51487148889712,662.8999999999999,8095.5,7572.4249766995135
0.2,-1.0,31.579880378058604,664.6,8086.7,7576.216158381422
0.2,-0.8,31.613805168858114,661.0,8086.8,7527.091368121919
0.2,-0.6000000000000001,31.628141555857503,667.7,8087.1,7599.94069128236
0.2,-0.4,31.63191493441036,667.1,8085.7,7592.205546138133
0.2,-0.2,31.63159193830774,668.1,8082.6,7603.664098509086
0.2,0.0,31.631053282507345,669.0,8072.1,7614.036682527727
0.2,0.2,31.631591938307736,670.2,8070.3,7627.564255082759
0.2,0.4,31.63191493441036,680.2,8076.9,7741.295476664906
0.2,0.6000000000000001,31.62814155585751,683.5,8078.1,7779.780533909678
0.2,0.8,31.613805168858114,681.0999999999999,8087.9,7755.978715321994
0.2,1.0,31.579880378058604,672.9000000000001,8062.1,7670.833362887241
0.2,1.2000000000000002,31.51487148889712,661.5,8080.3,7556.43252690712
0.2,1.4000000000000001,31.405011230347945,657.5,8072.9,7537.013703445746
0.2,1.6,31.234627978758954,643.6,8075.9,7417.920910009378
0.2,1.8,30.986741256291182,644.2,8096.0,7484.233275188799
0.2,2.0,30.643933590894747,629.3,8075.6,7392.91512063955
0.2,2.2,30.189516249142503,620.9,8080.4,7404.0272177713
0.2,2.4000000000000004,29.608953576450396,608.5,8087.0,7398.4377541201
0.2,2.6,28.89143850675763,601.1,8098.6,7489.969734438303
0.2,2.8000000000000003,28.031432859873412,584.4,8079.6,7505.288832422178
0.2,3.0,27.029923794668882,572.6999999999999,8063.3,7627.546476496665
0.4,-3.0,27.229916540525448,562.3,8090.8,7434.029395526521
0.4,-2.8000000000000003,28.24374973846967,579.3,8084.4,7383.8637550291405
0.4,-2.6,29.105219350667266,604.5,8093.5,7477.009445558803
0.4,-2.4000000000000004,29.81440589554369,619.3,8065.2,7477.861567361423
0.4,-2.2,30.37873782522039,623.1,8074.7,7383.980246005255
0.4,-2.0,30.811336409528018,633.8,8108.6,7405.326304815584
0.4,-1.8,31.129101997848764,646.4,8088.4,7475.448537387343
0.4,-1.6,31.350859377663614,648.7,8081.2,7448.982408641192
0.4,-1.4000000000000001,31.4957731165613,657.0999999999999,8083.6,7510.722125300447
0.4,-1.2000000000000002,31.582129711963784,664.2,8096.6,7571.117026646269
0.4,-1.0,31.62649249933935,672.1999999999999,8089.2,7651.559843541138
0.4,-0.8,31.643178489638792,672.1999999999999,8084.7,7647.525044907786
0.4,-0.6000000000000001,31.64398080319033,666.5,8102.0,7582.4846909213575
0.4,-0.4,31.63805720262902,668.0,8077.1,7600.972413060081
0.4,-0.2,31.63191493441036,670.4000000000001,8088.2,7629.762551538009
0.4,0.0,31.629437422365278,662.3,8086.9,7538.167587875173
0.4,0.2,31.63191493441036,663.4,8080.1,7550.096176447365
0.4,0.4,31.63805720262902,673.5,8086.7,7663.555269754439
0.4,0.6000000000000001,31.64398080319033,673.2,8078.7,7658.707717821842
0.4,0.8,31.643178489638792,680.3,8097.6,7739.677607930328
0.4,1.0,31.62649249933935,676.5,8076.6,7700.50615018682
0.4,1.2000000000000002,31.582129711963784,661.8,8087.0,7543.759783550889
0.4,1.4000000000000001,31.4957731165613,663.1999999999999,8080.4,7580.445767005413
0.4,1.6,31.35085937766361,647.7,8088.5,7437.499469827194
0.4,1.8,31.12910199784877,640.8,8087.5,7410.685988177303
0.4,2.0,30.811336409528018,630.9000000000001,8071.0,7371.442672306964
0.4,2.2,30.37873782522039,620.8,8077.6,7356.724340747974
0.4,2.4000000000000004,29.81440589554369,612.4,8089.4,7394.546138950646
0.4,2.6,29.10521935066727,609.2,8072.5,7535.1433486094675
0.4,2.8000000000000003,28.243749738469674,598.1,8090.0,7623.491993583513
0.4,3.0,27.229916540525448,576.5,8088.7,7621.764087713034
0.6000000000000001,-3.0,27.575419519813238,572.4000000000001,8092.9,7472.742159079061
0.6000000000000001,-2.8000000000000003,28.609853174435056,596.9,8080.0,7510.838964808606
0.6000000000000001,-2.6,29.472525603149904,606.8000000000001,8082.6,7411.919933209022
0.6000000000000001,-2.4000000000000004,30.16566850687526,626.9,8084.7,7481.48511771131
0.6000000000000001,-2.2,30.70032037435591,632.0999999999999,8084.9,7412.170206213167
0.6000000000000001,-2.0,31.09388486978469,641.5,8074.4,7427.183864838152
0.6000000000000001,-1.8,31.367516929197734,646.3999999999999,8080.2,7418.629932527199
0.6000000000000001,-1.6,31.543777440589025,647.3,8095.9,7387.447506529472
0.6000000000000001,-1.4000000000000001,31.644795893050702,656.0,8072.3,7462.838464755637
0.6000000000000001,-1.2000000000000002,31.69100052715589,669.0,8091.6,7599.63383906498
0.6000000000000001,-1.0,31.700356210410554,671.0999999999999,8075.5,7621.239281868342
0.6000000000000001,-0.8,31.68799366570425,677.7,8081.6,7699.193662237115
0.6000000000000001,-0.6000000000000001,31.66610313329716,673.5,8082.2,7656.767837184595
0.6000000000000001,-0.4,31.643980803190328,674.2,8073.3,7670.08428900102
0.6000000000000001,-0.2,31.628141555857503,670.9000000000001,8107.9,7636.3639505486535
0.6000000000000001,0.0,31.62243722038388,659.2,8083.4,7504.544901018201
0.6000000000000001,0.2,31.62814155585751,664.1,8075.2,7558.964524607779
0.6000000000000001,0.4,31.643980803190328,668.2,8089.5,7601.824861925958
0.6000000000000001,0.6000000000000001,31.666103133297156,669.8,8107.1,7614.703930729386
0.6000000000000001,0.8,31.687993665704255,676.9,8093.0,7690.1050464339705
0.6000000000000001,1.0,31.700356210410554,671.6,8083.0,7626.917451501683
0.6000000000000001,1.2000000000000002,31.691000527155886,671.1999999999999,8068.4,7624.625161106747
0.6000000000000001,1.4000000000000001,31.6447958930507,664.9,8089.1,7564.087340268329
0.6000000000000001,1.6,31.543777440589025,651.2,8076.8,7431.957077478746
0.6000000000000001,1.8,31.367516929197738,644.4,8082.5,7395.676250805272
0.6000000000000001,2.0,31.09388486978469,646.1,8090.0,7480.441925287498
0.6000000000000001,2.2,30.70032037435591,631.1,8086.1,7400.443944219477
0.6000000000000001,2.4000000000000004,30.165668506875257,624.1,8072.8,7448.0696474136685
0.6000000000000001,2.6,29.4725256031499,606.4,8074.8,7407.034026858851
0.6000000000000001,2.8000000000000003,28.60985317443506,598.3000000000001,8085.7,7528.455273320471
0.6000000000000001,3.0,27.575419519813238,589.3000000000001,8085.5,7693.373435264309
0.8,-3.0,28.08627988448591,589.5,8081.0,7556.002463580963
0.8,-2.8000000000000003,29.14950465467765,604.4,8077.5,7464.41500730902
0.8,-2.6,30.01085015930628,621.2,8072.0,7451.704927147902
0.8,-2.4000000000000004,30.676486996352654,641.4000000000001,8076.6,7527.067881907528
0.8,-2.2,31.16360696647296,647.5,8083.4,7479.878701165055
0.8,-2.0,31.496585054615814,652.0,8091.1,7452.236475573147
0.8,-1.8,31.703215154841985,654.5999999999999,8080.9,7433.189310580337
0.8,-1.6,31.811639655376897,657.9999999999999,8079.4,7446.33104631442
0.8,-1.4000000000000001,31.848211022835446,668.1,8094.4,7551.946946958745
0.8,-1.2000000000000002,31.836240681164355,678.9,8096.9,7676.91143083359
0.8,-1.0,31.7954439589864,677.2,8074.1,7667.513632282422
0.8,-0.8,31.74185277669891,676.9,8080.4,7677.056588797608
0.8,-0.6000000000000001,31.68799366570425,687.0,8074.4,7804.848820948647
0.8,-0.4,31.64317848963879,673.4,8087.6,7661.177276466682
0.8,-0.2,31.613805168858118,664.5,8088.1,7566.947373853274
0.8,0.0,31.60360552243611,665.1,8082.8,7576.224169423296
0.8,0.2,31.613805168858114,667.4,8073.6,7599.970921459256
0.8,0.4,31.643178489638792,664.7,8081.8,7562.198597664692
0.8,0.6000000000000001,31.687993665704255,669.6,8069.6,7607.171427230295
0.8,0.8,31.741852776698906,677.8000000000001,8073.5,7687.263932467158
0.8,1.0,31.795443958986397,675.3,8083.7,7646.001116184761
0.8,1.2000000000000002,31.836240681164355,673.0999999999999,8076.4,7611.325797752376
0.8,1.4000000000000001,31.848211022835446,673.5,8097.3,7612.986482228282
0.8,1.6,31.811639655376894,667.6,8084.3,7554.970526625393
0.8,1.8,31.703215154841985,660.4000000000001,8084.8,7499.050138568982
0.8,2.0,31.496585054615814,648.4,8093.2,7411.08915760986
0.8,2.2,31.16360696647296,635.7,8084.2,7343.565853792471
0.8,2.4000000000000004,30.676486996352654,628.7,8065.3,7378.028651941477
0.8,2.6,30.01085015930628,629.0,8092.7,7545.2710868899385
0.8,2.8000000000000003,29.14950465467765,617.4,8078.2,7624.966620636315
0.8,3.0,28.08627988448591,589.6,8088.2,7557.284228205829
1.0,-3.0,28.79379412969564,597.9,8091.1,7475.360802764592
1.0,-2.8000000000000003,29.893419343495815,623.8000000000001,8081.0,7512.288822484984
1.0,-2.6,30.74674431255969,637.8000000000001,8072.6,7467.7174814312875
1.0,-2.4000000000000004,31.367015575518085,655.0,8094.6,7517.450916944792
1.0,-2.2,31.78158395822596,661.2,8081.3,7489.6204139124
1.0,-2.0,32.025663992227386,661.1,8052.2,7431.415006969459
1.0,-1.8,32.136795320307144,663.1,8084.4,7428.1208695739515
1.0,-1.6,32.15082869180408,668.1,8094.6,7480.864717534096
1.0,-1.4000000000000001,32.09955568616922,677.3000000000001,8081.7,7595.992990802006
1.0,-1.2000000000000002,32.00968621243074,676.5999999999999,8073.0,7609.446665097545
1.0,-1.0,31.902739061806482,676.5,8085.1,7633.827287625052
1.0,-0.8,31.795443958986404,678.0999999999999,8081.9,7677.703771486576
1.0,-0.6000000000000001,31.700356210410554,676.8000000000001,8102.7,7685.970415688415
1.0,-0.4,31.62649249933935,669.7,8081.0,7623.10268851458
1.0,-0.2,31.579880378058604,666.3,8075.1,7595.595585810323
1.0,0.0,31.563969091407373,660.5999999999999,8077.4,7534.413663607989
1.0,0.2,31.579880378058604,664.8,8081.8,7578.496091020115
1.0,0.4,31.62649249933935,664.4,8078.1,7562.773519858276
1.0,0.6000000000000001,31.700356210410554,675.0999999999999,8092.2,7666.664638935059
1.0,0.8,31.795443958986404,661.8,8088.3,7493.149028122424
1.0,1.0,31.902739061806486,675.2,8079.2,7619.1577008195645
1.0,1.2000000000000002,32.00968621243074,675.0,8076.9,7591.452111943308
1.0,1.4000000000000001,32.09955568616922,676.4000000000001,8085.7,7585.8993931470195
1.0,1.6,32.15082869180408,681.9,8076.7,7635.386395579253
1.0,1.8,32.136795320307144,672.4000000000001,8077.8,7532.30051681726
1.0,2.0,32.025663992227386,666.5,8078.6,7492.11632452752
1.0,2.2,31.78158395822596,650.8,8092.9,7371.816342066228
1.0,2.4000000000000004,31.367015575518085,642.4000000000001,8079.9,7372.840410756236
1.0,2.6,30.74674431255969,639.4,8085.8,7486.451172196871
1.0,2.8000000000000003,29.893419343495815,629.9,8070.5,7585.749806481711
1.0,3.0,28.793794129695645,604.6999999999999,8089.7,7560.37912264885
1.2000000000000002,-3.0,29.745190241589093,631.8,8075.9,7646.54716116043
1.2000000000000002,-2.8000000000000003,30.8869573909846,641.0,8070.5,7471.114654606772
1.2000000000000002,-2.6,31.71806547055731,667.7,8074.7,7578.394092890953
1.2000000000000002,-2.4000000000000004,32.264533786804904,672.9999999999999,8078.8,7509.174054735116
1.2000000000000002,-2.2,32.57039079957455,686.8999999999999,8100.6,7592.294532837786
1.2000000000000002,-2.0,32.68736247472702,681.9,8071.3,7510.058365516691
1.2000000000000002,-1.8,32.666758903094234,687.0,8079.5,7570.999030962131
1.2000000000000002,-1.6,32.55445206368397,685.3,8087.4,7578.318305508033
1.2000000000000002,-1.4000000000000001,32.38861799154475,690.8,8079.9,7678.252899364879
1.2000000000000002,-1.2000000000000002,32.19940589382729,684.0,8094.9,7647.346066319964
1.2000000000000002,-1.0,32.009686212430736,683.9000000000001,8080.8,7691.54681386375
1.2000000000000002,-0.8,31.83624068116435,679.0000000000001,8079.6,7678.042217610854
1.2000000000000002,-0.6000000000000001,31.691000527155886,666.8,8083.8,7574.642517023212
1.2000000000000002,-0.4,31.58212971196378,658.2,8073.0,7502.723918907821
1.2000000000000002,-0.2,31.51487148889712,659.4,8082.8,7532.4438522185255
1.2000000000000002,0.0,31.49214084996837,658.0,8082.5,7521.8766843613275
1.2000000000000002,0.2,31.51487148889712,667.1,8089.6,7620.4023260767035
1.2000000000000002,0.4,31.58212971196378,664.9000000000001,8088.8,7579.096222549088
1.2000000000000002,0.6000000000000001,31.691000527155886,654.6,8076.0,7436.054276609771
1.2000000000000002,0.8,31.836240681164355,670.3,8078.8,7579.663767989034
1.2000000000000002,1.0,32.00968621243074,672.4000000000001,8100.6,7562.210963067677
1.2000000000000002,1.2000000000000002,32.19940589382729,677.5000000000001,8078.9,7574.673918028913
1.2000000000000002,1.4000000000000001,32.38861799154475,692.5,8093.0,7697.14842618729
1.2000000000000002,1.6,32.55445206368397,682.7,8084.3,7549.5664777036845
1.2000000000000002,1.8,32.666758903094234,698.9000000000001,8091.3,7702.1415178157695
1.2000000000000002,2.0,32.68736247472702,680.2,8082.0,7491.335533398524
1.2000000000000002,2.2,32.57039079957455,663.3,8091.9,7331.444116510852
1.2000000000000002,2.4000000000000004,32.264533786804904,663.6,8080.9,7404.291088740304
1.2000000000000002,2.6,31.718065470557306,658.1,8082.6,7469.434105933108
1.2000000000000002,2.8000000000000003,30.886957390984595,645.8,8076.8,7527.060598978243
1.2000000000000002,3.0,29.745190241589093,620.8000000000001,8097.9,7513.416393872104
1.4000000000000001,-3.0,31.01117084789839,658.7,8090.3,7646.663880027939
1.4000000000000001,-2.8000000000000003,32.19592672632461,668.5999999999999,8092.0,7475.976760848999
1.4000000000000001,-2.6,32.97703158739517,692.2,8095.2,7556.532168142413
1.4000000000000001,-2.4000000000000004,33.403875699434344,692.8000000000001,8075.1,7466.438991815056
1.4000000000000001,-2.2,33.547921644416675,705.9,8094.0,7574.9550953864655
1.4000000000000001,-2.0,33.48565079399841,699.8000000000001,8069.3,7523.461364088308
1.4000000000000001,-1.8,33.28708980480317,714.0,8085.6,7721.912654644574
1.4000000000000001,-1.6,33.010236116454635,700.2,8082.6,7636.176824386588
1.4000000000000001,-1.4000000000000001,32.69983419341211,697.4,8080.6,7677.837095901261
1.4000000000000001,-1.2000000000000002,32.38861799154474,690.3000000000001,8091.5,7672.69539147594
1.4000000000000001,-1.0,32.09955568616922,686.5,8102.0,7699.1719890529685
1.4000000000000001,-0.8,31.848211022835446,666.5,8062.6,7533.861158730734
1.4000000000000001,-0.6000000000000001,31.6447958930507,671.6,8078.3,7640.308403856535
1.4000000000000001,-0.4,31.4957731165613,652.5,8090.0,7458.143641391785
1.4000000000000001,-0.2,31.405011230347945,654.5,8091.9,7502.624287308351
1.4000000000000001,0.0,31.374546370276825,660.6999999999999,8085.5,7581.04984827232
1.4000000000000001,0.2,31.405011230347945,656.3,8073.1,7523.257936990787
1.4000000000000001,0.4,31.4957731165613,664.9,8099.9,7599.876945841223
1.4000000000000001,0.6000000000000001,31.6447958930507,658.9,8080.7,7495.829671383369
1.4000000000000001,0.8,31.848211022835446,663.5,8088.8,7499.950305803214
1.4000000000000001,1.0,32.09955568616922,664.8000000000001,8077.9,7455.804134482759
1.4000000000000001,1.2000000000000002,32.38861799154475,679.9000000000001,8083.4,7557.099227385905
1.4000000000000001,1.4000000000000001,32.69983419341211,686.7,8094.1,7560.038333460563
1.4000000000000001,1.6,33.010236116454635,697.6000000000001,8103.2,7607.821983279184
1.4000000000000001,1.8,33.28708980480317,703.2,8092.8,7605.110614490287
1.4000000000000001,2.0,33.48565079399841,702.6999999999999,8079.2,7554.638897606249
1.4000000000000001,2.2,33.54792164441667,695.6,8098.7,7464.426638831034
1.4000000000000001,2.4000000000000004,33.40387569943435,693.0000000000001,8082.5,7468.594430323084
1.4000000000000001,2.6,32.97703158739517,678.5000000000001,8072.6,7406.973528004373
1.4000000000000001,2.8000000000000003,32.19592672632461,675.0,8103.5,7547.538608395266
1.4000000000000001,3.0,31.01117084789839,642.2,8072.9,7455.119999626449
1.6,-3.0,32.69874365330925,692.9,8083.0,7628.549972584503
1.6,-2.8000000000000003,33.915505802704445,713.0999999999999,8071.9,7569.281186410296
1.6,-2.6,34.593868685664994,729.4000000000001,8103.1,7590.4780233154315
1.6,-2.4000000000000004,34.82667802087297,731.9000000000001,8112.8,7565.57946302211
1.6,-2.2,34.73052085463155,735.6,8079.5,7624.878449373587
1.6,-2.0,34.41810271490001,734.4000000000001,8091.8,7681.539049087241
1.6,-1.8,33.983438728923524,723.9,8071.7,7668.558855352041
1.6,-1.6,33.49754191108352,717.0,8078.8,7705.640034279481
1.6,-1.4000000000000001,33.010236116454635,703.5999999999999,8066.2,7673.256231988578
1.6,-1.2000000000000002,32.55445206368397,688.0,8087.6,7608.17597284332
1.6,-1.0,32.15082869180408,669.1,8090.7,7492.061940580846
1.6,-0.8,31.811639655376894,670.1,8082.8,7583.2620579563745
1.6,-0.6000000000000001,31.543777440589025,658.8,8084.3,7518.693677277331
1.6,-0.4,31.350859377663614,658.5,8078.4,7561.515209018383
1.6,-0.2,31.23462797875895,655.6,8089.8,7556.228944378728
1.6,0.0,31.195818791597993,646.5,8089.1,7460.615204710836
1.6,0.2,31.234627978758954,642.7,8076.7,7407.547807431678
1.6,0.4,31.350859377663618,655.8,8104.2,7530.511274220584
1.6,0.6000000000000001,31.543777440589025,656.7,8069.5,7494.726985227722
1.6,0.8,31.811639655376894,659.9000000000001,8076.1,7467.83261012597
1.6,1.0,32.15082869180408,664.8000000000001,8073.5,7443.913881479819
1.6,1.2000000000000002,32.55445206368397,684.8000000000001,8100.7,7572.789107853352
1.6,1.4000000000000001,33.010236116454635,691.9,8086.7,7545.659447005255
1.6,1.6,33.49754191108352,702.8000000000001,8078.8,7553.031821606165
1.6,1.8,33.983438728923524,720.0,8081.7,7627.24461369453
1.6,2.0,34.418102714900016,725.5,8085.2,7588.448502332234
1.6,2.2,34.73052085463154,720.0000000000001,8079.4,7463.176296287363
1.6,2.4000000000000004,34.82667802087297,719.9,8085.4,7441.536624442706
1.6,2.6,34.593868685665,718.0,8081.0,7471.844283987493
1.6,2.8000000000000003,33.915505802704445,707.5,8075.2,7509.839348457839
1.6,3.0,32.69874365330925,680.0,8073.3,7486.526167350935
1.8,-3.0,34.97356360598828,745.1,8078.3,7669.678818605486
1.8,-2.8000000000000003,36.18356100525706,766.4,8079.7,7625.120146685239
1.8,-2.6,36.65992816247251,774.5999999999999,8085.7,7606.561550370279
1.8,-2.4000000000000004,36.57740941155644,773.8,8081.4,7615.848264857923
1.8,-2.2,36.12596681239643,770.1,8082.1,7674.147558173253
1.8,-2.0,35.46880233553441,756.8000000000001,8059.0,7681.341969842834
1.8,-1.8,34.72742808828246,747.5000000000001,8080.7,7748.918212886554
1.8,-1.6,33.983438728923524,733.8000000000001,8070.3,7773.433468790342
1.8,-1.4000000000000001,33.287089804803166,701.1999999999999,8076.9,7583.480607054308
1.8,-1.2000000000000002,32.666758903094234,681.8000000000001,8089.5,7513.693070320205
1.8,-1.0,32.136795320307144,671.5999999999999,8081.4,7523.338826731813
1.8,-0.8,31.703215154841985,657.3,8091.3,7463.848661540567
1.8,-0.6000000000000001,31.367516929197738,652.8,8079.7,7492.081714037369
1.8,-0.4,31.129101997848725,658.4,8083.4,7614.225428551723
1.8,-0.2,30.986741256291182,651.1999999999999,8101.6,7565.5583806317045
1.8,0.0,30.939415361060846,645.8,8093.7,7514.298421184791
1.8,0.2,30.986741256291182,641.0999999999999,8084.7,7448.217871349795
1.8,0.4,31.12910199784873,639.4000000000001,8096.3,7394.495350874805
1.8,0.6000000000000001,31.367516929197738,649.8000000000001,8064.9,7457.651191454478
1.8,0.8,31.703215154841985,658.9000000000001,8081.4,7482.017165813299
1.8,1.0,32.136795320307144,667.9,8079.6,7481.891010086627
1.8,1.2000000000000002,32.666758903094234,677.1999999999999,8095.1,7462.999335906193
1.8,1.4000000000000001,33.287089804803166,694.6,8071.6,7512.101582515577
1.8,1.6,33.983438728923524,707.9999999999999,8082.1,7500.123870132952
1.8,1.8,34.72742808828246,731.5,8081.9,7583.055080570587
1.8,2.0,35.46880233553441,739.3,8077.0,7503.721086554977
1.8,2.2,36.12596681239643,758.7,8077.9,7560.545062181596
1.8,2.4000000000000004,36.57740941155643,766.1,8090.6,7540.063783545693
1.8,2.6,36.65992816247251,764.3999999999999,8077.2,7506.397687971909
1.8,2.8000000000000003,36.18356100525706,748.7,8061.5,7449.0180764916995
1.8,3.0,34.97356360598829,735.3,8091.0,7568.802624239179
2.0,-3.0,38.09981783331909,816.4999999999999,8101.4,7714.997517466953
2.0,-2.8000000000000003,39.19904665222124,843.4,8087.5,7745.698580217765
2.0,-2.6,39.28652732878936,832.9,8077.4,7632.2347732748785
2.0,-2.4000000000000004,38.69180794652556,829.2,8077.0,7715.121516486432
2.0,-2.2,37.71973273881817,816.0,8086.7,7787.966103420594
2.0,-2.0,36.596892955986874,790.0,8098.4,7771.15151119612
2.0,-1.8,35.46880233553441,772.1,8092.5,7836.633370660217
2.0,-1.6,34.41810271490001,738.0,8087.6,7719.193652269041
2.0,-1.4000000000000001,33.48565079399841,708.5000000000001,8095.6,7616.993964642136
2.0,-1.2000000000000002,32.68736247472702,685.0,8086.4,7544.200000555702
2.0,-1.0,32.025663992227386,664.9000000000001,8086.2,7474.130748954763
2.0,-0.8,31.496585054615814,657.2,8083.6,7511.671490409007
2.0,-0.6000000000000001,31.09388486978469,646.8,8073.2,7488.5464127471805
2.0,-0.4,30.811336409528018,645.0,8070.2,7536.1872303661285
2.0,-0.2,30.643933590894747,642.8000000000001,8084.4,7551.510947953445
2.0,0.0,30.58849468155848,640.1,8073.5,7533.420732172471
2.0,0.2,30.643933590894747,634.1,8084.4,7449.304748128935
2.0,0.4,30.811336409528018,635.6999999999999,8085.4,7427.5259261143365
2.0,0.6000000000000001,31.09388486978469,631.2,8059.2,7307.93212078853
2.0,0.8,31.496585054615814,648.2,8086.9,7408.803195500789
2.0,1.0,32.025663992227386,666.2,8081.2,7488.744029107629
2.0,1.2000000000000002,32.68736247472702,670.9,8067.5,7388.91062828149
2.0,1.4000000000000001,33.48565079399841,694.9,8082.2,7470.782083316612
2.0,1.6,34.41810271490001,719.2,8085.0,7522.552946764085
2.0,1.8,35.468802335534406,740.4,8097.3,7514.885827790215
2.0,2.0,36.596892955986874,766.9,8081.5,7543.919106248486
2.0,2.2,37.719732738818166,799.5,8087.8,7630.4888476529
2.0,2.4000000000000004,38.69180794652556,813.4,8094.3,7568.113653533603
2.0,2.6,39.28652732878936,824.6,8102.5,7556.178165497016
2.0,2.8000000000000003,39.19904665222124,817.5,8089.6,7507.835652511291
2.0,3.0,38.0998178333191,792.5999999999999,8082.5,7489.169666067736
2.2,-3.0,42.512141161261475,910.9,8069.6,7713.655229833863
2.2,-2.8000000000000003,43.24162264561305,926.7,8086.0,7715.066632307464
2.2,-2.6,42.588903902962834,915.9000000000001,8083.6,7742.016576694798
2.2,-2.4000000000000004,41.169113933630015,892.1,8105.9,7800.896577899281
2.2,-2.2,39.45023987525026,860.6,8092.8,7853.336278301517
2.2,-2.0,37.719732738818095,814.6,8086.1,7774.604396870624
2.2,-1.8,36.12596681239643,783.7,8093.2,7809.673342865054
2.2,-1.6,34.73052085463154,736.9,8083.8,7638.353628797439
2.2,-1.4000000000000001,33.54792164441667,708.2,8077.7,7599.6362070444775
2.2,-1.2000000000000002,32.57039079957455,686.8000000000001,8098.4,7591.189234463521
2.2,-1.0,31.78158395822596,661.3000000000001,8087.7,7490.7531453724605
2.2,-0.8,31.163606966472962,649.2,8076.1,7499.516992735681
2.2,-0.6000000000000001,30.700320374355908,647.8,8081.1,7596.272519514146
2.2,-0.4,30.37873782522039,643.2,8091.3,7622.173157166715
2.2,-0.2,30.189516249142503,640.6,8083.6,7638.94320454871
2.2,0.0,30.127062074798864,622.8,8099.3,7442.079796673863
2.2,0.2,30.189516249142503,626.5,8087.8,7470.805366296857
2.2,0.4,30.37873782522039,625.0,8086.3,7406.4959938264865
2.2,0.6000000000000001,30.700320374355904,627.7,8085.5,7360.574653440923
2.2,0.8,31.16360696647296,642.8000000000001,8080.8,7425.584600940382
2.2,1.0,31.78158395822596,653.3,8091.5,7400.134628567711
2.2,1.2000000000000002,32.57039079957455,672.0,8077.8,7427.605075072052
2.2,1.4000000000000001,33.54792164441667,692.8,8080.5,7434.380068116934
2.2,1.6,34.73052085463154,714.9,8080.5,7410.312130855325
2.2,1.8,36.12596681239643,753.6999999999999,8076.0,7510.719406044903
2.2,2.0,37.7197327388181,790.3,8076.2,7542.6833474672885
2.2,2.2,39.45023987525026,832.2,8090.8,7594.174356033609
2.2,2.4000000000000004,41.169113933630015,870.4,8086.6,7611.142676161343
2.2,2.6,42.58890390296284,898.4,8089.6,7594.090722243263
2.2,2.8000000000000003,43.24162264561304,893.9999999999999,8089.7,7442.828929840156
2.2,3.0,42.512141161261475,885.5000000000001,8059.2,7498.563734787448
2.4000000000000004,-3.0,48.93909572126325,1054.0,8078.7,7753.310403631742
2.4000000000000004,-2.8000000000000003,48.669298696855606,1059.7,8078.7,7838.452786759534
2.4000000000000004,-2.6,46.62881925895627,1012.9000000000001,8086.0,7820.142259552513
2.4000000000000004,-2.4000000000000004,43.91360217280308,947.8,8084.5,7769.984312772219
2.4000000000000004,-2.2,41.16911393363015,887.3,8088.1,7758.923364611601
2.4000000000000004,-2.0,38.691807946525415,842.9000000000001,8086.1,7842.590359679736
2.4000000000000004,-1.8,36.57740941155644,778.1,8102.3,7658.169468707613
2.4000000000000004,-1.6,34.82667802087297,734.5,8081.6,7592.45541138098
2.4000000000000004,-1.4000000000000001,33.403875699434344,701.1999999999999,8058.3,7556.967409152304
2.4000000000000004,-1.2000000000000002,32.264533786804904,677.0,8080.7,7553.805104094614
2.4000000000000004,-1.0,31.367015575518085,656.5,8079.3,7534.666453395811
2.4000000000000004,-0.8,30.676486996352654,643.8000000000001,8091.2,7555.23277575938
2.4000000000000004,-0.6000000000000001,30.16566850687521,638.6999999999999,8067.3,7622.307456822811
2.4000000000000004,-0.4,29.814405895543693,628.6,8099.9,7590.156275219426
2.4000000000000004,-0.2,29.608953576450396,624.3,8079.5,7590.541807554936
2.4000000000000004,0.0,29.541339581578747,624.0,8086.2,7604.259088510664
2.4000000000000004,0.2,29.608953576450396,621.2,8095.2,7552.850505931647
2.4000000000000004,0.4,29.81440589554369,622.4,8076.1,7515.293136647424
2.4000000000000004,0.6000000000000001,30.165668506875207,622.2,8086.6,7425.394863997424
2.4000000000000004,0.8,30.676486996352654,630.8,8093.0,7402.672934061847
2.4000000000000004,1.0,31.367015575518085,641.0,8078.1,7356.772576735285
2.4000000000000004,1.2000000000000002,32.264533786804904,658.9999999999999,8089.3,7352.965381976882
2.4000000000000004,1.4000000000000001,33.40387569943435,685.5,8092.8,7387.765486271967
2.4000000000000004,1.6,34.82667802087297,723.8,8092.8,7481.850546981011
2.4000000000000004,1.8,36.57740941155643,750.4,8079.5,7385.542178792178
2.4000000000000004,2.0,38.691807946525415,803.6000000000001,8081.6,7476.931561322383
2.4000000000000004,2.2,41.16911393363015,863.0,8084.7,7546.433972342852
2.4000000000000004,2.4000000000000004,43.91360217280308,933.0,8094.9,7648.655163342984
2.4000000000000004,2.6,46.62881925895627,981.4999999999999,8090.6,7577.7170774516635
2.4000000000000004,2.8000000000000003,48.669298696855606,1014.4999999999999,8077.4,7504.114704319663
2.4000000000000004,3.0,48.93909572126325,1012.6999999999999,8065.5,7449.504217986589
2.6,-3.0,58.55961080072906,1272.8999999999999,8071.1,7825.256925961245
2.6,-2.8000000000000003,55.80659396507443,1217.8,8085.2,7855.845857110898
2.6,-2.6,51.260904043690516,1114.4,8078.9,7826.315346644379
2.6,-2.4000000000000004,46.62881925895641,1013.7000000000002,8076.0,7826.318697313021
2.6,-2.2,42.588903902962834,913.3000000000001,8081.7,7720.039021176284
2.6,-2.0,39.28652732878935,840.9,8083.7,7705.542347036676
2.6,-1.8,36.65992816247251,774.9,8082.7,7609.507546323173
2.6,-1.6,34.593868685665,730.3000000000001,8080.3,7599.84384484132
2.6,-1.4000000000000001,32.97703158739517,691.6,8103.0,7549.982154705709
2.6,-1.2000000000000002,31.718065470557306,664.6,8088.6,7543.209097102483
2.6,-1.0,30.746744312559688,648.1999999999999,8079.6,7589.486471407588
2.6,-0.8,30.01085015930628,630.8,8079.3,7566.86327759964
2.6,-0.6000000000000001,29.472525603149855,621.4,8071.8,7590.2555149902655
2.6,-0.4,29.10521935066727,617.2,8073.4,7634.094672951022
2.6,-0.2,28.891438506757623,606.8,8091.1,7560.994235330499
2.6,0.0,28.821251295693976,598.0,8099.5,7469.488322742039
2.6,0.2,28.89143850675763,600.9000000000001,8087.3,7487.4776466877
2.6,0.4,29.10521935066727,603.9,8080.7,7469.588096233186
2.6,0.6000000000000001,29.472525603149855,620.7,8081.0,7581.705178877468
2.6,0.8,30.01085015930628,627.3,8082.8,7524.8784623307765
2.6,1.0,30.74674431255969,634.2,8079.2,7425.566677208722
2.6,1.2000000000000002,31.718065470557306,648.8,8074.1,7363.8791185676955
2.6,1.4000000000000001,32.97703158739516,679.1,8096.3,7413.523541441076
2.6,1.6,34.593868685664994,701.3,8083.4,7298.056262340433
2.6,1.8,36.65992816247251,741.6,8085.5,7282.501995552027
2.6,2.0,39.28652732878935,808.0,8085.7,7404.064949941295
2.6,2.2,42.58890390296284,886.2,8097.9,7490.965269425624
2.6,2.4000000000000004,46.62881925895641,972.3999999999999,8072.8,7507.460097925599
2.6,2.6,51.260904043690516,1074.1000000000001,8072.3,7543.292636244372
2.6,2.8000000000000003,55.80659396507443,1170.5,8091.1,7550.7206238695235
2.6,3.0,58.55961080072906,1227.8,8082.0,7548.0009849125745
2.8000000000000003,-3.0,72.86621861022546,1613.4,8095.4,7971.101164271091
2.8000000000000003,-2.8000000000000003,64.48404040187096,1425.1,8100.9,7956.015113239005
2.8000000000000003,-2.6,55.80659396507443,1221.2,8074.6,7877.7787491409335
2.8000000000000003,-2.4000000000000004,48.66929869685561,1060.8,8088.9,7846.589333013601
2.8000000000000003,-2.2,43.24162264561305,932.6,8093.4,7764.185973119607
2.8000000000000003,-2.0,39.199046652221234,836.0,8079.6,7677.737743730203
2.8000000000000003,-1.8,36.18356100525706,769.0,8085.0,7650.988247391635
2.8000000000000003,-1.6,33.915505802704445,713.1,8089.8,7569.281186410298
2.8000000000000003,-1.4000000000000001,32.19592672632461,676.2,8079.0,7560.956454810192
2.8000000000000003,-1.2000000000000002,30.886957390984595,644.3000000000001,8083.1,7509.57749136216
2.8000000000000003,-1.0,29.893419343495815,624.6999999999999,8105.0,7523.1273283205655
2.8000000000000003,-0.8,29.14950465467765,613.9,8084.9,7581.741186278967
2.8000000000000003,-0.6000000000000001,28.609853174435056,601.5,8080.7,7568.72112134759
2.8000000000000003,-0.4,28.243749738469674,588.5999999999999,8078.4,7502.403256016143
2.8000000000000003,-0.2,28.03143285987341,588.1999999999999,8076.7,7554.091189648742
2.8000000000000003,0.0,27.961846691894024,585.3,8112.9,7535.553796634004
2.8000000000000003,0.2,28.031432859873412,582.5,8097.9,7480.887653808896
2.8000000000000003,0.4,28.243749738469674,586.2,8082.5,7471.812417051757
2.8000000000000003,0.6000000000000001,28.60985317443506,588.7,8083.8,7407.657729239112
2.8000000000000003,0.8,29.14950465467765,595.4,8090.8,7353.263890390123
2.8000000000000003,1.0,29.893419343495815,612.9,8099.1,7381.022474031815
2.8000000000000003,1.2000000000000002,30.886957390984595,633.8,8069.9,7387.195738049567
2.8000000000000003,1.4000000000000001,32.19592672632461,664.5000000000001,8077.7,7430.132452264675
2.8000000000000003,1.6,33.915505802704445,695.7,8067.5,7384.586904200874
2.8000000000000003,1.8,36.18356100525706,735.9,8091.8,7321.667426860213
2.8000000000000003,2.0,39.19904665222124,798.6999999999999,8083.8,7335.178392245587
2.8000000000000003,2.2,43.24162264561304,894.8000000000001,8085.0,7449.489179441804
2.8000000000000003,2.4000000000000004,48.66929869685561,1012.1999999999999,8076.3,7487.10192578843
2.8000000000000003,2.6,55.80659396507443,1164.8,8055.8,7513.950775466229
2.8000000000000003,2.8000000000000003,64.48404040187096,1341.4000000000003,8083.7,7488.736701213111
2.8000000000000003,3.0,72.86621861022546,1518.1000000000001,8095.5,7500.265698202519
3.0,-3.0,91.90486656403579,2041.8999999999999,8089.8,7998.314207744609
3.0,-2.8000000000000003,72.86621861022545,1606.8,8104.3,7938.493461479355
3.0,-2.6,58.55961080072922,1282.2,8091.4,7882.429437086559
3.0,-2.4000000000000004,48.93909572126325,1053.7,8075.6,7751.103579038677
3.0,-2.2,42.51214116126158,908.4000000000001,8076.1,7692.484807093056
3.0,-2.0,38.0998178333191,814.1000000000001,8077.0,7692.320243686279
3.0,-1.8,34.97356360598828,740.0,8098.7,7617.1820235781215
3.0,-1.6,32.69874365330925,692.1,8088.8,7619.742294740562
3.0,-1.4000000000000001,31.011170847898395,661.0999999999999,8085.6,7674.524808086335
3.0,-1.2000000000000002,29.745190241589093,630.9,8091.6,7635.654643836839
3.0,-1.0,28.79379412969564,612.2,8068.0,7654.149328403551
3.0,-0.8,28.086279884485805,593.4,8094.4,7605.991283950739
3.0,-0.6000000000000001,27.575419519813185,581.2,8075.1,7587.6270839566
3.0,-0.4,27.229916540525448,572.2,8076.8,7564.914849938245
3.0,-0.2,27.02992379466888,563.2,8078.6,7501.02003765134
3.0,0.0,26.964435354191224,558.1,8065.1,7451.148053384718
3.0,0.2,27.029923794668882,563.7,8083.9,7507.679323906356
3.0,0.4,27.229916540525448,572.6,8099.6,7570.203151126598
3.0,0.6000000000000001,27.57541951981318,573.5,8081.6,7487.102774688765
3.0,0.8,28.086279884485805,582.6,8079.7,7467.560704465286
3.0,1.0,28.793794129695645,601.0999999999999,8089.9,7515.369423886595
3.0,1.2000000000000002,29.745190241589093,621.3,8084.9,7519.467792385209
3.0,1.4000000000000001,31.011170847898395,646.0,8085.2,7499.233135718912
3.0,1.6,32.69874365330925,676.1,8095.4,7443.588737861716
3.0,1.8,34.97356360598829,719.5,8064.8,7406.165494546565
3.0,2.0,38.0998178333191,782.4000000000001,8077.8,7392.791252499871
3.0,2.2,42.51214116126158,874.0,8078.4,7401.179790179799
3.0,2.4000000000000004,48.93909572126325,1009.5,8086.7,7425.964755660571
3.0,2.6,58.55961080072922,1222.0,8077.9,7512.345010232238
3.0,2.8000000000000003,72.86621861022546,1510.3000000000002,8096.5,7461.729322175921
3.0,3.0,91.90486656403579,1903.4000000000003,8085.9,7455.796690837502
